immigration,percentage
non_immigrant,50.569434239529755
before_1980,8.479563757905808
1980_1990,5.948264684271946
1991_2000,10.496895304778782
2001_2010,11.16357637838383
2011_2021,13.307328809554681