commute_time,percentage
no_income,14.7
0_15,14.236881171214238
15_29,27.546754754553266
30_44,23.777259378807866
45_59,8.961312979184564
60plus,9.711114386050674