commute_time,percentage
0_15,16.787018197295097
15_29,32.59637849942803
30_44,28.247201624880354
45_59,10.678990950738182
60plus,11.584815054925912
