journey_type,percentage
c,61.930385673740474
t,25.947976545504314
w,7.918413507945426
o,2.430090331503652
b,1.7043408105343532
unknown,0.06879313077177969
