income,percentage
no_income,14.664979673408649
under_30k,29.404004931579724
30k_60k,22.721211184477745
60k_90k,11.07233103408613
90k_150k,17.13652064829426
over_150k,3.763025373193342