journey_type,percentage
n,14.654196335821887
c,51.94693160128969
t,21.72626856980594
w,6.8657510414906895
o,2.060695812830015
b,1.4737228035239949