income,percentage
under_30k,34.895045453890596
30k_60k,27.036060566768956
60k_90k,13.052326000201697
90k_150k,20.044733543674635
over_150k,4.528460906772701
unknown,0.4433735286914178
