commute_time,percentage
0_15,16.789125642909625
15_29,32.58381236403452
30_44,28.254887553845933
45_59,10.689588105631673
60plus,11.600826958263099
