journey_type,percentage
c,61.95107759665686
t,25.90272627195196
w,7.910157477628264
o,2.4360634364208096
b,1.7076687959399544
unknown,0.09230642140215968
