age,percentage
0_19,18.564780798432526
20_39,31.897321750154873
40_64,32.524383743210734
65plus,17.00955180014695