gender,percentage
f,51.60934629454369
m,48.376825700693736
o,0.01382800476258034
