ethnicity,percentage
w,45.76976271772485
sa,14.065493941882409
ea,12.431747129417529
b,9.569448646468139
sea,7.586693751710824
wa,3.4281309878837654
m,3.302070277045425
la,3.1439541283081933
ind,0.6677615939836625
unknown,0.03493682557519701
