immigration,percentage
non_immigrant,50.558989209203155
before_1990,14.43431156444944
1991_2000,10.497615651697858
2001_2010,11.164656898762445
2011_2021,13.309489850311909
