gender,percentage
f,51.6045727622423
m,48.33527827001484
,0.06014896774286496
